Date,DPI_subj_1,DPI_pol_1,DPI_subj_2,DPI_pol_2
2020-10-02,0.29537037037037034,0.237962962962963,0.29537037037037034,0.237962962962963
2020-10-03,0.575,0.4,0.575,0.4
2020-10-04,0.0,0.0,0.0,0.0
2020-10-05,0.0,0.0,0.0,0.0
2020-10-06,0.5132305965639299,0.1723155702322369,0.5132305965639299,0.1723155702322369
2020-10-07,0.2704746326905418,0.04758020546372819,0.2625200872359963,0.06135861455463727
2020-10-08,0.4182543507362784,0.2414578313253012,0.4182543507362784,0.24103949129852745
2020-10-09,0.45735294117647063,0.10005656108597286,0.4302036199095023,0.10062217194570136
2020-10-10,0.0,0.0,0.0,0.0
2020-10-11,0.037500000000000006,0.0125,0.037500000000000006,0.0125
2020-10-12,0.36755294884327144,0.2393108504398827,0.36755294884327144,0.23777126099706744
2020-10-13,0.14302721088435374,0.06802721088435373,0.14302721088435374,0.06564625850340135
2020-10-14,0.33281250000000007,-0.05,0.33281250000000007,-0.05
2020-10-15,0.3585768398268398,0.11861471861471862,0.3585768398268398,0.11861471861471862
2020-10-16,0.29817563388991963,0.1669526901669759,0.28562152133580704,0.151043599257885
2020-10-17,0.05217391304347827,0.0,0.05217391304347827,0.0
2020-10-18,0.4061224489795918,0.00034013605442176966,0.43307823129251705,0.021513605442176873
2020-10-19,0.2794063079777365,0.16841372912801486,0.2722634508348794,0.12198515769944342
2020-10-20,0.5936054421768707,0.2485714285714286,0.5936054421768707,0.2485714285714286
2020-10-21,0.16276785714285713,0.07741071428571428,0.16276785714285713,0.07741071428571428
2020-10-22,0.22604166666666667,0.08854166666666667,0.22604166666666667,0.08750000000000001
2020-10-23,0.42423039923039924,0.210741341991342,0.41318241943241946,0.19145472582972584
2020-10-24,0.13999999999999999,-0.125,0.13999999999999999,-0.11750000000000001
2020-10-25,0.45326839826839826,0.06732142857142857,0.45326839826839826,0.06935064935064934
2020-10-26,0.3076331269039602,0.20474612193362193,0.3076331269039602,0.20474612193362193
2020-10-27,0.5092592592592593,0.26805555555555555,0.5597222222222222,0.2787037037037037
2020-10-28,0.40735930735930737,0.2360524891774892,0.4205537518037518,0.2409136002886003
2020-10-29,0.4410705868205868,0.2376420755170755,0.44315392015392013,0.24757263107263106
2020-10-30,0.4410705868205868,0.2376420755170755,0.44315392015392013,0.24757263107263106
2020-10-31,0.4410705868205868,0.2376420755170755,0.44315392015392013,0.24757263107263106
2020-11-01,0.29100806451612904,0.1630241935483871,0.29100806451612904,0.1630241935483871
2020-11-02,0.2642020202020202,0.018121212121212135,0.26086868686868686,0.011454545454545466
2020-11-03,0.32894385026737966,0.1891488413547237,0.33507130124777185,0.1891488413547237
2020-11-04,0.30763588263588265,0.20681818181818182,0.30763588263588265,0.20681818181818182
2020-11-05,0.07768065268065269,0.022727272727272728,0.07768065268065269,0.022727272727272728
2020-11-06,0.4033637658637659,0.1462833462833463,0.4277227402227402,0.13346283346283347
2020-11-07,0.2161796536796537,0.13091292388167386,0.18145743145743146,0.08751014610389611
2020-11-08,0.36636363636363634,0.3109090909090909,0.36636363636363634,0.3109090909090909
2020-11-09,0.3428895367670878,0.17228701004211208,0.3428895367670878,0.17228701004211208
2020-11-10,0.2788171772978403,0.11171766002567107,0.2685776470306857,0.10766584551114937
2020-11-11,0.3944745152108166,0.1347719860048627,0.3975575223862895,0.13089233825535196
2020-11-12,0.3378981867189414,0.13029128889977948,0.3378981867189414,0.13029128889977948
2020-11-13,0.34814814814814815,0.13506944444444444,0.2925925925925926,0.12118055555555556
2020-11-14,0.19051982963273287,0.13780111018014246,0.19051982963273287,0.13780111018014246
2020-11-15,0.4,0.20277777777777778,0.4,0.19444444444444445
2020-11-16,0.40753367003367,0.09869528619528621,0.40753367003367,0.09869528619528621
2020-11-17,0.31387952559300875,0.14118005901713768,0.3183739076154807,0.12413886051526501
2020-11-18,0.42797097480832424,0.203645940295272,0.4309830230010953,0.17764238773274918
2020-11-19,0.2919502081571047,0.1710685259823191,0.3112943059494783,0.14263339470236022
2020-11-20,0.34671060606060605,0.2727425865800866,0.3403772727272727,0.27004119769119767
2020-11-21,0.2941427761580823,0.12144274376417233,0.2912091026886945,0.11765873015873017
2020-11-22,0.30509259259259264,0.21481481481481482,0.30509259259259264,0.21203703703703702
2020-11-23,0.3001736111111111,0.16179591049382716,0.2987847222222222,0.15709876543209877
2020-11-24,0.20133928571428572,0.14444754464285714,0.13883928571428572,0.12868303571428572
2020-11-25,0.19861111111111113,0.1,0.19861111111111113,0.1
2020-11-26,0.24243551587301587,0.20944940476190477,0.24243551587301587,0.20944940476190477
2020-11-27,0.3475106837606838,0.11324786324786326,0.3475106837606838,0.10686965811965812
2020-11-28,0.13240740740740742,0.16944444444444443,0.13240740740740742,0.16944444444444443
2020-11-29,0.016666666666666666,0.049999999999999996,0.016666666666666666,0.049999999999999996
2020-11-30,0.016666666666666666,0.049999999999999996,0.016666666666666666,0.049999999999999996
2020-12-01,0.25945621177764033,0.15169655741084315,0.26648332817975673,0.14694882498453926
2020-12-02,0.30856503176090805,0.09183067791315212,0.30856503176090805,0.09183067791315212
2020-12-03,0.31293520309477757,0.3096228239845261,0.31293520309477757,0.2915377176015474
2020-12-04,0.2069187675070028,0.11725490196078432,0.2069187675070028,0.11725490196078432
2020-12-05,0.26878109452736315,0.225599276345545,0.26878109452736315,0.225599276345545
2020-12-06,0.24675324675324675,0.13104256854256854,0.24675324675324675,0.12860750360750361
2020-12-07,0.2622209941358878,0.14599183322587578,0.24189002486874828,0.15012894906511928
2020-12-08,0.25013535166132567,0.16715940715129027,0.25013535166132567,0.16671666807218755
2020-12-09,0.30108225108225106,0.1062049062049062,0.30108225108225106,0.1062049062049062
2020-12-10,0.46876121212121213,0.14995242424242422,0.46876121212121213,0.14711757575757575
2020-12-11,0.30780419824960054,0.15916893345054264,0.31000939194904714,0.15364917649400409
2020-12-12,0.48022556390977444,0.30700501253132834,0.48022556390977444,0.2998997493734336
2020-12-13,0.41838735494197676,0.2124699879951981,0.41838735494197676,0.20396158463385355
2020-12-14,0.30679621738215485,0.11875383297258296,0.30959383642977395,0.11452392225829726
2020-12-15,0.38354356966797154,0.21332463389879658,0.38354356966797154,0.20184138031027984
2020-12-16,0.22166666666666668,0.03333333333333333,0.12166666666666666,0.008333333333333333
2020-12-17,0.43312872023809523,0.2865632556733631,0.43312872023809523,0.2760416666666667
2020-12-18,0.29444444444444445,0.20227272727272727,0.29444444444444445,0.17626262626262626
2020-12-19,0.07898351648351648,0.0,0.07898351648351648,0.0
2020-12-20,0.3764285714285714,0.19722222222222222,0.3764285714285714,0.19722222222222222
2020-12-21,0.09081632653061225,0.0836734693877551,0.09081632653061225,0.0836734693877551
2020-12-22,0.3002164502164502,0.19188311688311688,0.19415584415584416,0.12597402597402596
2020-12-23,0.065,0.091,0.065,0.091
2020-12-24,0.27041666666666664,0.035833333333333335,0.22874999999999998,-0.005833333333333335
2020-12-25,0.27041666666666664,0.035833333333333335,0.22874999999999998,-0.005833333333333335
2020-12-26,0.2089285714285714,0.3214285714285714,0.2089285714285714,0.3214285714285714
2020-12-27,0.25810227272727276,0.0871155303030303,0.25835227272727274,0.0903811553030303
2020-12-28,0.18875324675324678,0.09592279942279942,0.18875324675324678,0.09592279942279942
2020-12-29,0.13848684210526316,0.07465111642743222,0.13848684210526316,0.07465111642743222
2020-12-30,0.13848684210526316,0.07465111642743222,0.13848684210526316,0.07465111642743222
2020-12-31,0.13848684210526316,0.07465111642743222,0.13848684210526316,0.07465111642743222
2021-01-01,0.34798465423465424,0.1623761655011655,0.33601884226884227,0.13481206293706294
2021-01-02,0.2833333333333333,0.196031746031746,0.22142857142857145,0.18888888888888888
2021-01-03,0.11251515151515151,0.06403787878787878,0.11251515151515151,0.06512121212121212
2021-01-04,0.30816183991816903,0.1523825677662703,0.3088580424498146,0.14897143907428717
2021-01-05,0.2076701285662129,0.13176765503572732,0.20184683539352216,0.13156685182287592
2021-01-06,0.2354558143006419,0.18418592327213015,0.2354558143006419,0.1785824749962681
2021-01-07,0.25145502645502643,0.2930555555555555,0.25145502645502643,0.28055555555555556
2021-01-08,0.1332089552238806,0.11735074626865671,0.1332089552238806,0.11511194029850746
2021-01-09,0.25856074247880967,0.1727619002146313,0.2560397340754484,0.1727619002146313
2021-01-10,0.17277334659560092,0.14401331648441473,0.17277334659560092,0.1436664956751662
2021-01-11,0.21507697456492636,0.16495983935742972,0.19553212851405624,0.11154618473895582
2021-01-12,0.25439723320158103,0.16271409749670618,0.26647452788757137,0.14991216512955644
2021-01-13,0.228671875,0.16533854166666667,0.159921875,0.12158854166666666
2021-01-14,0.16862767760826014,0.15834874402835566,0.16280243488981355,0.15183002003390353
2021-01-15,0.2370164835164835,0.08297252747252747,0.2370164835164835,0.0820934065934066
2021-01-16,0.16471825169938376,0.08984943777396608,0.16471825169938376,0.08984943777396608
2021-01-17,0.17963665547935212,0.053603044895179724,0.16615350941193638,0.050589766039204245
2021-01-18,0.26745498462889766,0.14549736495388668,0.27832454984628896,0.1547364953886693
2021-01-19,0.3286637931034483,0.1127155172413793,0.3286637931034483,0.11788793103448277
2021-01-20,0.34865733225108225,0.12282433712121213,0.3582927489177489,0.10145454545454546
2021-01-21,0.21037744555186416,0.15686264639753011,0.2557262827611665,0.1372890029866774
2021-01-22,0.3799030055508158,0.12998676809808196,0.3821779447235652,0.12400339421324821
2021-01-23,0.340007306007306,0.1353264612014612,0.34567368667368664,0.1291042081042081
2021-01-24,0.29675412932293666,0.11711335725097193,0.2988506294928313,0.11408753326184518
2021-01-25,0.27041569541569543,0.09023684648684648,0.2691919191919192,0.11121586746586747
2021-01-26,0.2409464285714286,0.14736201298701299,0.2409464285714286,0.14663636363636365
2021-01-27,0.27894651011089366,0.07442922374429224,0.266104044357469,0.0682648401826484
2021-01-28,0.3239449934123847,0.10801344726378694,0.3022058629776021,0.0911259410878976
2021-01-29,0.23890756302521007,0.09049369747899161,0.23890756302521007,0.09049369747899161
2021-01-30,0.33503888087221423,0.1474781545614879,0.32593253968253966,0.13975859788359787
2021-01-31,0.33503888087221423,0.1474781545614879,0.32593253968253966,0.13975859788359787
2021-02-01,0.3516613222168778,0.17194284110950778,0.34965421409865854,0.1773468815135482
2021-02-02,0.36874324344636844,0.15745621392496392,0.35829764159451655,0.15666075937950938
2021-02-03,0.28719138358806723,0.1629463595503136,0.28566320088641517,0.1471558055040198
2021-02-04,0.33383698236216225,0.16707442487568386,0.31839505019361136,0.1561792124741765
2021-02-05,0.24648646279232872,0.10530608358122324,0.24648646279232872,0.1005727163897555
2021-02-06,0.4276717032967033,0.027978375790875774,0.4000274725274725,0.010430298867798855
2021-02-07,0.3344994159279874,0.13617673331959046,0.33846766989624133,0.12585927300213015
2021-02-08,0.320447232947233,0.1263976638976639,0.31256435006435007,0.10614786864786864
2021-02-09,0.3398505992113947,0.15900663878025384,0.3398505992113947,0.14954859061393153
2021-02-10,0.2573051948051948,0.07718183919640231,0.27587315597024337,0.0638733030723322
2021-02-11,0.28281843156843156,0.12804390054390055,0.2856496281496282,0.11948717948717949
2021-02-12,0.39625053262150034,0.15760614833195477,0.4059279519763391,0.14773159636062863
2021-02-13,0.3218068356374808,0.2128087906716939,0.3215917818740399,0.2064647046501885
2021-02-14,0.31839285714285714,0.1476232993197279,0.3266428571428571,0.150093537414966
2021-02-15,0.34275248560962845,0.15170766733266733,0.34275248560962845,0.1465909090909091
2021-02-16,0.2381830206830207,0.09854076479076479,0.26596079846079845,0.09617965367965367
2021-02-17,0.34139285714285716,0.14853181367243867,0.34171875,0.14034406565656568
2021-02-18,0.3043716795596495,0.05213566021836699,0.29592189347828446,0.06640871659668653
2021-02-19,0.2884299101166571,0.10941341122064013,0.2667431631287053,0.10170074236339298
2021-02-20,0.3218950962305393,0.10056241285671665,0.3218950962305393,0.09959386663500588
2021-02-21,0.3164081996434938,0.09816240132416604,0.314349376114082,0.09031146549528901
2021-02-22,0.15758053221288515,0.10460609243697479,0.15758053221288515,0.09130952380952381
2021-02-23,0.17380952380952383,0.0005952380952380979,0.17380952380952383,0.0005952380952380979
2021-02-24,0.22541322314049586,0.0709194214876033,0.22768595041322312,0.06921487603305786
2021-02-25,0.36420634920634914,0.21021825396825397,0.36420634920634914,0.19341269841269842
2021-02-26,0.19416666666666665,0.065,0.19416666666666665,0.05833333333333334
2021-02-27,0.4990520282186948,0.08855820105820106,0.4990520282186948,0.08855820105820106
2021-02-28,0.4990520282186948,0.08855820105820106,0.4990520282186948,0.08855820105820106
2021-03-01,0.19000201775625503,0.0751978920179397,0.20899919289749797,0.07411539731454986
2021-03-02,0.33421878701729446,0.22346024207964504,0.32542940061596776,0.21972889879606297
2021-03-03,0.2747551683010867,0.14235190829578584,0.2747551683010867,0.13722551683010867
2021-03-04,0.4421296296296296,0.06580710955710956,0.39918091168091163,0.08108488733488733
2021-03-05,0.2565611471861472,0.1313954274891775,0.23099296536796537,0.10582724567099568
2021-03-06,0.2372536945812808,0.09479679802955664,0.2372536945812808,0.09285714285714285
2021-03-07,0.42996012052463667,0.19975230414746545,0.42996012052463667,0.19813940092165896
2021-03-08,0.20002762669429336,0.08661961495294827,0.20810454977121645,0.08222664680998014
2021-03-09,0.39088857765328355,0.043658574540927475,0.3026532835356365,-0.00045907251789604976
2021-03-10,0.3795117845117845,0.15723063973063972,0.3795117845117845,0.15533670033670033
2021-03-11,0.0,0.0,0.0,0.0
2021-03-12,0.189873417721519,0.11070195627157653,0.189873417721519,0.10563866513233602
2021-03-13,0.476461038961039,0.1967478354978355,0.476461038961039,0.19799783549783548
2021-03-14,0.4220425136457745,0.13430594767551288,0.41160773103707887,0.13582768680594767
2021-03-15,0.2842430207587688,0.09600035790980672,0.2842430207587688,0.0956245526127416
2021-03-16,0.31265218061334565,0.15925797503467407,0.31265218061334565,0.16095700416088765
2021-03-17,0.472159090909091,0.30037878787878786,0.4371212121212121,0.2545454545454546
2021-03-18,0.15098039215686274,0.022303921568627455,0.15098039215686274,0.023039215686274515
2021-03-19,0.25905555555555554,0.006969696969696967,0.2683888888888889,0.010080808080808077
2021-03-20,0.10729166666666666,0.09485479797979797,0.10729166666666666,0.09520202020202019
2021-03-21,0.3368667368667369,0.16908271908271907,0.3368667368667369,0.16908271908271907
2021-03-22,0.40102075787024766,0.1931839716406043,0.375510553788615,0.1923143055923668
2021-03-23,0.3226340788840789,0.18640873015873016,0.32675865800865805,0.18346260221260222
2021-03-24,0.4448574667962423,0.3109187722708131,0.4448574667962423,0.2870485098801425
2021-03-25,0.21419457735247208,0.15338915470494416,0.21261562998405104,0.14147527910685806
2021-03-26,0.22133465193810023,0.04416190849380504,0.1834036174553416,0.0750167935512763
2021-03-27,0.26302083333333337,0.171875,0.29427083333333337,0.203125
2021-03-28,0.1142857142857143,0.0023809523809523816,0.1142857142857143,0.0023809523809523816
2021-03-29,0.0976190476190476,0.0683982683982684,0.0976190476190476,0.06363636363636364
2021-03-30,0.4878387896825397,0.15851429473304474,0.4878387896825397,0.15684762806637806
2021-03-31,0.4878387896825397,0.15851429473304474,0.4878387896825397,0.15684762806637806
2021-04-01,0.33164983164983164,0.11245791245791245,0.22053872053872053,0.05690235690235689
2021-04-02,0.3033431180691455,0.17600701239399869,0.2896444879321592,0.15831294846705807
2021-04-03,0.3770600414078675,0.16560229625447018,0.3770600414078675,0.15516751364577452
2021-04-04,0.23998397435897437,0.11274038461538462,0.2502403846153846,0.12427884615384616
2021-04-05,0.4638916666666667,0.21438647186147186,0.4857666666666667,0.21796147186147188
2021-04-06,0.37079909996576665,0.18033325533325534,0.37079909996576665,0.1780005655005655
2021-04-07,0.5137655009920635,0.17536758958633958,0.449451884920635,0.1489538991101491
2021-04-08,0.3500780227524414,0.14491106035437432,0.3506905642806806,0.14269795127353269
2021-04-09,0.3532803230719897,0.19921361431778098,0.35417468334135,0.1939263668430335
2021-04-10,0.3866815476190476,0.14828869047619048,0.35848214285714286,0.15066964285714285
2021-04-11,0.28833333333333333,0.1540909090909091,0.28833333333333333,0.14337121212121212
2021-04-12,0.3168956043956044,0.16324175824175824,0.3168956043956044,0.164010989010989
2021-04-13,0.40760204081632656,0.17026785714285717,0.4415306122448979,0.18928571428571428
2021-04-14,0.3499287574759273,0.12870228565983283,0.3573973109350468,0.11925045604290888
2021-04-15,0.3015782125522385,0.14661353797717433,0.3006474766215026,0.1439728453364817
2021-04-16,0.28421219585012686,0.17468652037617557,0.28421219585012686,0.1740987460815047
2021-04-17,0.23703703703703702,0.07129629629629629,0.2,0.12222222222222222
2021-04-18,0.48384353741496594,0.30462275819418677,0.4640022675736961,0.20660688517831374
2021-04-19,0.34815230224321136,0.15687131050767414,0.40451593860684765,0.08926800472255017
2021-04-20,0.32085710041592397,0.10390671420083183,0.32085710041592397,0.1029040404040404
2021-04-21,0.23674223828863003,0.10057069219440354,0.28828863004120736,0.07190386932654974
2021-04-22,0.3307643321838237,0.15484756768655072,0.344161224839191,0.15432946290997138
2021-04-23,0.17180685358255451,0.10504770249221183,0.17180685358255451,0.07527258566978194
2021-04-24,0.28458333333333335,0.0340625,0.28458333333333335,0.0340625
2021-04-25,0.30749836803408226,0.10599884903456332,0.3128885796742939,0.11310863739435169
2021-04-26,0.27269988242210463,0.12571682432793543,0.27703022286355616,0.12720859387526054
2021-04-27,0.267282196969697,0.08009785353535354,0.267282196969697,0.08009785353535354
2021-04-28,0.36986842105263157,0.1393859649122807,0.36986842105263157,0.13478070175438595
2021-04-29,0.26210153482880755,0.09605470287288469,0.26210153482880755,0.0687819756001574
2021-04-30,0.26210153482880755,0.09605470287288469,0.26210153482880755,0.0687819756001574
2021-05-01,0.31147637085137087,0.07007237554112554,0.31147637085137087,0.07007237554112554
2021-05-02,0.2956301652892562,0.2252815082644628,0.29108471074380166,0.22239325068870522
2021-05-03,0.297079703561185,0.14900131161705238,0.30685336611262537,0.1375301182014145
2021-05-04,0.20025771826553077,0.0732376139846843,0.20170184705340954,0.07161028460833148
2021-05-05,0.2701791770678632,0.1094034387145701,0.25065362962260773,0.10295966705638239
2021-05-06,0.32878203930362204,0.16349881134053798,0.32878203930362204,0.15666427896643723
2021-05-07,0.206366930171278,0.0602931488801054,0.206366930171278,0.05955204216073781
2021-05-08,0.28718855218855216,0.19070947570947572,0.21311447811447812,0.1407094757094757
2021-05-09,0.23452380952380955,0.09730403525046383,0.22380952380952382,0.09101151824366109
2021-05-10,0.30306786216596343,0.12049050632911393,0.30306786216596343,0.11305379746835444
2021-05-11,0.26336956253622923,0.12113566988566989,0.2462755454422121,0.11467199467199468
2021-05-12,0.19690826330532213,0.10415499533146591,0.19690826330532213,0.10327264239028945
2021-05-13,0.19462780616469139,0.04969939441250917,0.19104553536930585,0.06182371135239988
2021-05-14,0.29933261183261184,0.02665891053391053,0.29933261183261184,0.030605339105339104
2021-05-15,0.29577495868826514,0.06142909509844994,0.30833469584477646,0.06304199832425639
2021-05-16,0.30353535353535355,0.14772727272727273,0.23762626262626263,0.15
2021-05-17,0.30605680868838764,0.07269499506341613,0.30605680868838764,0.07269499506341613
2021-05-18,0.2706943509165731,0.10650996071829405,0.2727931163486719,0.09633950617283951
2021-05-19,0.18686781609195402,0.1156824712643678,0.17048850574712643,0.1113721264367816
2021-05-20,0.3107401914901915,0.13550006093756092,0.33476046176046176,0.14983623883623884
2021-05-21,0.2797182994998529,0.15135471829949987,0.28744483671668136,0.17004817593409827
2021-05-22,0.2562123700054735,-0.015017788724685274,0.2562123700054735,-0.018897099069512858
2021-05-23,0.20051020408163264,0.021020408163265305,0.20365306122448978,0.008948979591836733
2021-05-24,0.20462652538433787,0.06379726675234487,0.18426938252719502,0.052917219065656565
2021-05-25,0.4005460899956313,-0.015978593272171257,0.4024191786806466,-0.0364296636085627
2021-05-26,0.18241452991452992,0.08323717948717949,0.16318376068376067,0.05615384615384615
2021-05-27,0.2924592074592075,0.1222960372960373,0.2757925407925408,0.07902680652680652
2021-05-28,0.32819805194805196,0.17200609996064542,0.32712481962481965,0.17213236258690803
2021-05-29,0.2849639249639249,0.11505411255411255,0.32837301587301587,0.13414502164502162
2021-05-30,0.26317663817663817,0.18846153846153849,0.26317663817663817,0.18846153846153849
2021-05-31,0.26317663817663817,0.18846153846153849,0.26317663817663817,0.18846153846153849
2021-06-01,0.2168907156673114,0.14087040618955513,0.21838007736943907,0.12821083172147002
2021-06-02,0.2826535087719298,0.10304824561403508,0.2826535087719298,0.10107456140350876
2021-06-03,0.30451412622465257,0.14708397413989518,0.3014008743449533,0.13966129813169287
2021-06-04,0.30357142857142855,0.19583333333333333,0.30357142857142855,0.17976190476190476
2021-06-05,0.20000000000000004,0.23333333333333328,0.15208333333333335,0.12708333333333333
2021-06-06,0.2948604116971464,0.047964015151515146,0.28246974114321055,0.039582090953264426
2021-06-07,0.34214673037775717,0.0956384610346664,0.3506536748222016,0.09471253510874046
2021-06-08,0.3356318681318681,0.17036630036630035,0.3356318681318681,0.1676190476190476
2021-06-09,0.2676404027520099,0.06920251623376623,0.2508993313234385,0.07478287337662338
2021-06-10,0.27269841269841266,0.14158451397087762,0.27269841269841266,0.13931178669815034
2021-06-11,0.28205128205128205,0.08447802197802198,0.28205128205128205,0.08447802197802198
2021-06-12,0.2199810606060606,0.07736742424242424,0.21893939393939393,0.08844696969696969
2021-06-13,0.3306910569105691,0.01036585365853659,0.3306910569105691,0.01036585365853659
2021-06-14,0.3307000081295856,0.134947970652196,0.3307000081295856,0.13438779139483364
2021-06-15,0.3117963953258071,0.09818401097812864,0.31463953258070904,0.08905745126333361
2021-06-16,0.3248658949745906,0.05833286278938452,0.33728825522303785,0.03574675324675324
2021-06-17,0.36206651138716356,0.10829774844720497,0.36206651138716356,0.10578416149068323
2021-06-18,0.4641746646979205,0.06357281284606865,0.4641746646979205,0.06357281284606865
2021-06-19,0.5,0.0,0.5,0.0
2021-06-20,0.3522727272727273,0.08687500000000001,0.3522727272727273,0.06181818181818181
2021-06-21,0.3806582633053221,0.17053645700704526,0.3806582633053221,0.1667167473049826
2021-06-22,0.34791666666666665,0.18541666666666667,0.34791666666666665,0.18541666666666667
2021-06-23,0.28317550505050504,0.14666080447330446,0.28724747474747475,0.1455149711399711
2021-06-24,0.18904761904761905,0.19238095238095237,0.18904761904761905,0.19238095238095237
2021-06-25,0.49444444444444446,0.22777777777777777,0.49444444444444446,0.19444444444444445
2021-06-26,0.325,0.10893939393939393,0.325,0.10893939393939393
2021-06-27,0.3611111111111111,0.1923611111111111,0.3416666666666667,0.1986111111111111
2021-06-28,0.18343817130581838,0.09605614973262033,0.18343817130581838,0.09421791443850268
2021-06-29,0.20792929292929294,0.14244949494949494,0.13292929292929295,0.13131313131313133
2021-06-30,0.20792929292929294,0.14244949494949494,0.13292929292929295,0.13131313131313133
2021-07-01,0.18667736757624398,0.017094703049759227,0.18667736757624398,0.017094703049759227
2021-07-02,0.46845292207792205,0.3210695346320346,0.4734529220779221,0.30505762987012985
2021-07-03,0.41761904761904767,0.17559523809523808,0.41761904761904767,0.16059523809523807
2021-07-04,0.2452823691460055,0.12248622589531681,0.24300964187327823,0.11112258953168044
2021-07-05,0.12820512820512822,0.033205128205128207,0.12820512820512822,0.033205128205128207
2021-07-06,0.2857263516625219,0.06719397623652942,0.28870507506677723,0.06892028184581377
2021-07-07,0.2862480416408988,0.07204366367759225,0.2862480416408988,0.06953148835291692
2021-07-08,0.12916666666666665,-0.016145833333333325,0.12916666666666665,-0.005208333333333327
2021-07-09,0.24824059561128528,0.030651776384535007,0.24824059561128528,0.030651776384535007
2021-07-10,0.2579481434058899,0.07101472471190781,0.25702624839948784,0.07187900128040974
2021-07-11,0.225,0.16125,0.225,0.14375
2021-07-12,0.06332894158981116,0.01561703996486605,0.06332894158981116,0.01561703996486605
2021-07-13,0.3277725304998032,0.022212711530893346,0.3277725304998032,0.022212711530893346
2021-07-14,0.3485375562478366,0.16976895119418484,0.35224428868120455,0.14756619937694707
2021-07-15,0.37150793650793645,0.19358585858585858,0.37150793650793645,0.19131313131313132
2021-07-16,0.03571428571428571,0.0,0.03571428571428571,0.0
2021-07-17,0.18223214285714287,0.059375,0.18223214285714287,0.059375
2021-07-18,0.25833333333333336,0.20000000000000004,0.25833333333333336,0.20000000000000004
2021-07-19,0.23967945118298895,0.14320487982929023,0.2371375224618149,0.13188412511230907
2021-07-20,0.3397322741982936,0.1884230656075316,0.3397322741982936,0.18440717858193584
2021-07-21,0.23442010664232887,0.11165362415362415,0.2557876280098502,0.08654678654678655
2021-07-22,0.3592561684553872,0.17513232210497837,0.36146681660353536,0.16578454748376623
2021-07-23,0.3319753086419753,0.12121527777777778,0.3319753086419753,0.13180555555555556
2021-07-24,0.25215420758103685,0.15456525182134936,0.2915573857037272,0.17202644916059548
2021-07-25,0.3177083333333333,0.07604166666666666,0.3177083333333333,0.07604166666666666
2021-07-26,0.33517906336088155,0.0737741046831956,0.312038567493113,0.05765840220385675
2021-07-27,0.26314171122994656,0.1296011586452763,0.26314171122994656,0.12424688057040999
2021-07-28,0.3359626283539327,0.08099061264822136,0.3359626283539327,0.07712450592885377
2021-07-29,0.30980392156862746,0.10833333333333332,0.3686274509803922,0.06764705882352941
2021-07-30,0.19717261904761907,-0.023809523809523808,0.19717261904761907,-0.023809523809523808
2021-07-31,0.19717261904761907,-0.023809523809523808,0.19717261904761907,-0.023809523809523808
2021-08-01,0.27967622655122654,0.060554202741702735,0.26092622655122655,0.04336670274170274
2021-08-02,0.2810353535353535,0.07434343434343434,0.2810353535353535,0.07432449494949495
2021-08-03,0.3381178035499023,0.061915450804339696,0.2763894084881739,0.04648335203890759
2021-08-04,0.3802688172043011,0.171836917562724,0.3661559139784946,0.16914874551971326
2021-08-05,0.2813883214164113,0.08528260129383725,0.2813883214164113,0.08528260129383725
2021-08-06,0.35735839406725484,0.015407236926224267,0.3067254826748498,0.015407236926224267
2021-08-07,0.34727603415103414,0.10389309764309763,0.35162788600288597,0.09988636363636363
2021-08-08,0.31492857142857145,0.03551948051948051,0.31492857142857145,0.03551948051948051
2021-08-09,0.26654589371980675,0.036624396135265705,0.27065217391304347,0.02318840579710145
2021-08-10,0.3068745970341715,0.1073017408123791,0.3068745970341715,0.09653046421663443
2021-08-11,0.2952241045991046,0.0436708892958893,0.2802546296296296,0.043470950345950346
2021-08-12,0.346650495098771,0.07908157934020002,0.3426275065930238,0.07754217047320495
2021-08-13,0.2051070858965596,0.06471007063112326,0.2051070858965596,0.06273638642059694
2021-08-14,0.39622641509433965,0.08679245283018867,0.39622641509433965,0.08679245283018867
2021-08-15,0.31916666666666665,0.010416666666666666,0.31916666666666665,0.012500000000000002
2021-08-16,0.2529191070367541,0.0859877769289534,0.2947865206688736,0.10637993379169848
2021-08-17,0.3316708046855106,0.12397552202699262,0.32887668703845174,0.10137636872930991
2021-08-18,0.3969050258684405,0.18023143015521065,0.392559743779256,0.16571815718157182
2021-08-19,0.20795629910213245,0.055619271417882525,0.20795629910213245,0.054847666479610924
2021-08-20,0.25696415987113663,0.10144971307762005,0.26347025067955304,0.10078526125037753
2021-08-21,0.36068802521008403,0.019708508403361344,0.31657037815126055,0.025131302521008404
2021-08-22,0.5477491258741259,0.1467548076923077,0.5243735431235431,0.1192016317016317
2021-08-23,0.3736533474776049,0.20023318403268897,0.3736533474776049,0.1955920949237781
2021-08-24,0.2898232323232323,0.11053030303030305,0.32315656565656564,0.13886363636363638
2021-08-25,0.23884090909090908,0.07547727272727273,0.2779242424242424,0.018060606060606055
2021-08-26,0.3531439393939394,0.13853535353535354,0.3793939393939394,0.17308080808080806
2021-08-27,0.29473684210526313,0.11041666666666665,0.29473684210526313,0.09725877192982456
2021-08-28,0.30408163265306126,0.09979591836734691,0.30408163265306126,0.09979591836734691
2021-08-29,0.24806637806637805,0.10987012987012987,0.23497113997113997,0.09201298701298702
2021-08-30,0.21617476851851852,0.13671875,0.21617476851851852,0.13046875
2021-08-31,0.21617476851851852,0.13671875,0.21617476851851852,0.13046875
2021-09-01,0.21992385786802032,0.05575296108291033,0.21823181049069373,0.03671742808798647
2021-09-02,0.3119,0.06516944444444445,0.3119,0.06537777777777777
2021-09-03,0.17131519274376417,0.029705215419501135,0.16618480725623586,0.02585034013605442
2021-09-04,0.4223738125300625,0.037891789923039924,0.4223738125300625,0.037891789923039924
2021-09-05,0.1527876984126984,0.017541711760461758,0.1527876984126984,0.017058080808080807
2021-09-06,0.27716025264754074,0.10430061816714359,0.2686856763763543,0.09628003705334215
2021-09-07,0.14248542274052478,0.020551285449244634,0.13534256559766764,0.019948316989133318
2021-09-08,0.2699677169421487,0.0579472279614325,0.2699677169421487,0.05453813705234159
2021-09-09,0.37926435406698566,0.087889325586694,0.3714823991797676,0.1023242766005924
2021-09-10,0.3054080808080808,0.030179942279942275,0.30672582972582974,0.03083189033189033
2021-09-11,0.3628891859774213,0.05322043969102792,0.3628891859774213,0.04956625074272133
2021-09-12,0.13333333333333333,0.0,0.13333333333333333,0.0
2021-09-13,0.24625759878419454,0.0922147001934236,0.2567750069079856,0.08963974854932301
2021-09-14,0.2952125850340136,0.1884103872318158,0.2952125850340136,0.1779237310308739
2021-09-15,0.367874053030303,0.18228685783617424,0.36933238636363636,0.17201911695075758
2021-09-16,0.2842696629213483,0.12359550561797752,0.2842696629213483,0.12359550561797752
2021-09-17,0.10930777365186707,0.030269383394383394,0.10930777365186707,0.029668421855921858
2021-09-18,0.27806788119288117,0.010254329004329004,0.22678947210197212,0.008975919913419913
2021-09-19,0.13636363636363635,0.004797979797979798,0.1415945165945166,0.0069624819624819635
2021-09-20,0.291431165588469,0.047267620020429,0.291431165588469,0.04862955396663262
2021-09-21,0.4103480865199615,0.2043769164862915,0.4178712346681097,0.1795347447691198
2021-09-22,0.32403107898390915,0.113613901821449,0.3391254186065507,0.13372539410275258
2021-09-23,0.31402335038698675,0.0809855043945953,0.3276597140233504,0.09371277712186803
2021-09-24,0.3460622710622711,0.07598401598401598,0.36721611721611724,0.11234765234765236
2021-09-25,0.33109162841843565,0.04859970183765364,0.33234664849875695,0.04985472191797492
2021-09-26,0.26376117496807155,0.020003192848020435,0.2922824302134647,0.023050082101806244
2021-09-27,0.17758537758537757,-0.019264069264069265,0.17758537758537757,-0.019264069264069265
2021-09-28,0.4233987603305785,0.10082644628099172,0.42093663911845736,0.09476584022038569
2021-09-29,0.38703703703703707,0.04328703703703704,0.38472222222222224,0.027083333333333338
2021-09-30,0.38703703703703707,0.04328703703703704,0.38472222222222224,0.027083333333333338
2021-10-01,0.35381410256410256,0.14377249053030303,0.35381410256410256,0.14002331002331003
2021-10-02,0.23529411764705882,0.05798319327731093,0.23529411764705882,0.05798319327731093
2021-10-03,0.40869041982323234,0.023778803661616162,0.40869041982323234,0.02289101957070707
2021-10-04,0.30400508582326763,0.08937985224142249,0.30400508582326763,0.08599423991985974
2021-10-05,0.3099460708782743,0.06997560349255265,0.284522342064715,0.04368515665125835
2021-10-06,0.339002664002664,0.07722277722277722,0.339002664002664,0.06953046953046953
2021-10-07,0.36132063492063493,0.09607619047619048,0.3553206349206349,0.09047619047619049
2021-10-08,0.2981232782369146,0.05275482093663912,0.3038788862652499,0.05570641479732389
2021-10-09,0.3259719346675869,0.055608883869753434,0.34755003450655625,0.07010163749294185
2021-10-10,0.4211538461538462,0.027534965034965032,0.4211538461538462,0.027534965034965032
2021-10-11,0.34594035594035594,0.047417027417027434,0.34594035594035594,0.039083694083694095
2021-10-12,0.3289650329828901,0.07505540094825809,0.32596049783549785,0.07201479076479075
2021-10-13,0.30635477582846005,0.029281537176274016,0.30635477582846005,0.027878028404344193
2021-10-14,0.30009785353535356,0.030500841750841758,0.30009785353535356,0.030709175084175085
2021-10-15,0.30959675872650555,0.04012034906022247,0.30959675872650555,0.03796269658611431
2021-10-16,0.23860437256663675,0.008445642407906559,0.25747229709493863,-0.000988319856244384
2021-10-17,0.3086473983532807,0.03520743145743145,0.3133456412868178,0.038172693319752135
2021-10-18,0.3613948412698413,0.14586904761904762,0.3612698412698413,0.14538690476190474
2021-10-19,0.3164388243335612,0.09467703349282297,0.3164388243335612,0.08938397129186602
2021-10-20,0.3171728871728872,0.07247996576121576,0.2856413556413556,0.05082571207571207
2021-10-21,0.3672727272727273,0.10485815047021943,0.3694681295715778,0.10524242424242423
2021-10-22,0.4726518680594768,0.15736918878223224,0.4726518680594768,0.15590179747788444
2021-10-23,0.37237349687349686,0.05645598845598846,0.37237349687349686,0.06095598845598846
2021-10-24,0.3051207729468599,0.049746376811594196,0.3051207729468599,0.049746376811594196
2021-10-25,0.3737481962481962,0.00031069624819624633,0.37735312306740876,0.007276077097505667
2021-10-26,0.32148634785353536,0.08497672032828284,0.31410787563131315,0.07944286616161617
2021-10-27,0.44271005509641875,0.0747713061349425,0.4406898530762167,0.07543705452796362
2021-10-28,0.4263377825877826,0.06854369588744588,0.43792237854737853,0.05245310245310245
2021-10-29,0.30659358003108,0.042211174242424244,0.30659358003108,0.036994949494949504
2021-10-30,0.4386469456469457,0.16883164983164983,0.44203318903318906,0.17142424242424242
2021-10-31,0.4386469456469457,0.16883164983164983,0.44203318903318906,0.17142424242424242
2021-11-01,0.17028985507246377,0.04051932367149758,0.18398550724637683,0.04135265700483092
2021-11-02,0.2975229147016857,0.0657038259691891,0.3052679629495272,0.06360250550194685
2021-11-03,0.3577309038093352,0.06105107447019211,0.3576128936423054,0.05538968112497524
2021-11-04,0.299929807487947,0.06422852556573487,0.3011295121760238,0.06301344004832377
2021-11-05,0.24985337243401762,0.013624144672531764,0.24985337243401762,0.012707722385141736
2021-11-06,0.36066919191919194,0.015561868686868685,0.3426136363636364,0.02528409090909091
2021-11-07,0.34758064516129034,0.09193548387096774,0.33548387096774196,0.09193548387096774
2021-11-08,0.317011592011592,0.060626535626535624,0.3127323127323127,0.06588179088179087
2021-11-09,0.2734505640345056,0.044293021455430216,0.27746516257465165,0.04914399469143994
2021-11-10,0.306749544670893,0.13408097832255134,0.3002472558652334,0.12796504369538075
2021-11-11,0.28461538461538466,0.14615384615384613,0.28461538461538466,0.14615384615384613
2021-11-12,0.3968225108225108,0.12132034632034631,0.3968225108225108,0.12086580086580087
2021-11-13,0.25,0.0,0.25,0.0
2021-11-14,0.2646969696969697,0.02320477502295684,0.2646969696969697,0.02320477502295684
2021-11-15,0.26342592592592595,0.05401234567901234,0.2796296296296297,0.06481481481481481
2021-11-16,0.27005747126436785,0.09984195402298851,0.27005747126436785,0.08820402298850576
2021-11-17,0.3138697240259741,0.08495332792207792,0.26029829545454547,0.06932832792207792
2021-11-18,0.26515151515151514,-0.03507575757575758,0.28515151515151516,-0.023484848484848487
2021-11-19,0.31538461538461543,0.13213869463869463,0.34615384615384615,0.10320512820512819
2021-11-20,0.4510382231404959,0.041249999999999995,0.4510382231404959,0.03776342975206611
2021-11-21,0.32514323911382736,-0.04101094983447925,0.31964444868856634,-0.041251273236567354
2021-11-22,0.2909971554993679,0.008165297092288243,0.2909971554993679,0.008165297092288243
2021-11-23,0.20467532467532468,0.047514537701104864,0.20467532467532468,0.047514537701104864
2021-11-24,0.3829302422723475,0.053365516062884484,0.39088345864661656,0.053223969013442694
2021-11-25,0.24833333333333332,0.07708333333333334,0.24833333333333332,0.06833333333333333
2021-11-26,0.35909090909090907,0.18547237076648843,0.35909090909090907,0.17370766488413547
2021-11-27,0.26666666666666666,0.027000000000000003,0.26666666666666666,0.027000000000000003
2021-11-28,0.3526317866161616,0.05704308712121212,0.38151943542568545,0.05981466450216451
2021-11-29,0.2624098124098124,0.05954184704184705,0.2624098124098124,0.05954184704184705
2021-11-30,0.2624098124098124,0.05954184704184705,0.2624098124098124,0.05954184704184705
2021-12-01,0.3154770933764222,0.09454689829186474,0.3523898450542746,0.11780040652859446
2021-12-02,0.3038033395176252,-0.040909090909090916,0.3038033395176252,-0.040909090909090916
2021-12-03,0.29364502164502165,0.06258782352399374,0.29272404900064475,0.06391913051487519
2021-12-04,0.2846495846495847,-0.005112905112905115,0.2848748098748099,-0.014695214695214696
2021-12-05,0.38822751322751325,0.16812169312169314,0.38822751322751325,0.16812169312169314
2021-12-06,0.30825983717774763,0.05417232021709634,0.30825983717774763,0.05264586160108548
2021-12-07,0.4481132075471698,0.08110587002096435,0.43930817610062894,0.10412735849056604
2021-12-08,0.24983087921468203,0.05819062099871959,0.24983087921468203,0.057204705505761844
2021-12-09,0.41468253968253965,0.1130952380952381,0.41468253968253965,0.10416666666666667
2021-12-10,0.3992156862745099,0.057272727272727274,0.37176470588235294,0.03387700534759358
2021-12-11,0.21923076923076926,0.06923076923076923,0.21923076923076926,0.06923076923076923
2021-12-12,0.34892045454545456,0.05806818181818182,0.34892045454545456,0.05522727272727272
2021-12-13,0.23239700374531835,0.06329588014981274,0.23239700374531835,0.06329588014981274
2021-12-14,0.31187289562289566,0.06317640692640691,0.3057882395382395,0.06038961038961038
2021-12-15,0.24490240753398648,0.07830390369864054,0.24817726133515605,0.05390464798359535
2021-12-16,0.34833082706766916,0.08778947368421053,0.34833082706766916,0.08778947368421053
2021-12-17,0.24444444444444444,0.032034632034632034,0.24444444444444444,0.032034632034632034
2021-12-18,0.16503496503496504,0.05792540792540792,0.16503496503496504,0.05792540792540792
2021-12-19,0.22749999999999998,0.07375000000000001,0.22749999999999998,0.07375000000000001
2021-12-20,0.2733739837398374,0.06016260162601626,0.27220528455284554,0.0573678861788618
2021-12-21,0.4201743040157675,0.03967110125646711,0.4201743040157675,0.037010347376201035
2021-12-22,0.45338491295938105,0.1401615892972276,0.463926499032882,0.13192295293359124
2021-12-23,0.3405671822869275,0.1191841067637246,0.34311495298756445,0.11573400060661207
2021-12-24,0.25105363984674334,0.005579501915708811,0.25105363984674334,0.005579501915708811
2021-12-25,0.30333333333333334,0.06166666666666666,0.30333333333333334,0.05999999999999999
2021-12-26,0.38333333333333336,0.016666666666666666,0.38333333333333336,0.016666666666666666
2021-12-27,0.4357142857142857,0.06640211640211639,0.4357142857142857,0.06640211640211639
2021-12-28,0.3409090909090909,0.1981534090909091,0.3409090909090909,0.19602272727272727
2021-12-29,0.3125,0.03125000000000001,0.3125,0.03125000000000001
2021-12-30,0.3650634920634921,0.01112698412698413,0.39536652236652237,0.030217893217893223
2021-12-31,0.3650634920634921,0.01112698412698413,0.39536652236652237,0.030217893217893223
2022-01-01,0.24225352112676055,-0.005633802816901409,0.24225352112676055,-0.005633802816901409
2022-01-02,0.37283263977806236,0.10063353606487409,0.37283263977806236,0.10063353606487409
2022-01-03,0.4270061728395062,0.08584455667789001,0.3529320987654321,0.048807519640852975
2022-01-04,0.26831590238669883,0.02646822204344328,0.26831590238669883,0.02646822204344328
2022-01-05,0.28798798798798797,0.09046478296478297,0.2880698880698881,0.09051938301938302
2022-01-06,0.34400723654455,0.15821507990351272,0.34400723654455,0.14886552088044622
2022-01-07,0.3730564413265306,0.13057224025974026,0.3730564413265306,0.1253216314935065
2022-01-08,0.29002026342451875,0.0059777102330293794,0.29002026342451875,0.0059777102330293794
2022-01-09,0.22240289069557362,0.04390243902439025,0.2302168021680217,0.020731707317073172
2022-01-10,0.31918238993710696,-0.04768439108061748,0.31918238993710696,-0.04768439108061748
2022-01-11,0.255,0.08166666666666668,0.255,0.08166666666666668
2022-01-12,0.5757971419261743,0.05734999767257832,0.5757971419261743,0.055883722012754274
2022-01-13,0.38492424242424245,-0.031022727272727278,0.38492424242424245,-0.042689393939393944
2022-01-14,0.3625,0.0625,0.3625,0.0625
2022-01-15,0.20984375000000002,0.016718749999999998,0.20984375000000002,0.016718749999999998
2022-01-16,0.2982352941176471,0.1338235294117647,0.2982352941176471,0.10911764705882353
2022-01-17,0.38844086021505375,-0.013315412186379931,0.38844086021505375,-0.013315412186379931
2022-01-18,0.21222222222222223,0.1111111111111111,0.21222222222222223,0.1111111111111111
2022-01-19,0.45758290451686684,0.1749261482752049,0.45758290451686684,0.17380050505050507
2022-01-20,0.22990196078431374,0.0375,0.22990196078431374,0.03235294117647059
2022-01-21,0.3524122807017544,0.0887781954887218,0.3506578947368421,0.0818703007518797
2022-01-22,0.16071428571428573,0.017857142857142856,0.16071428571428573,0.017857142857142856
2022-01-23,0.2572289156626506,0.004919678714859439,0.2572289156626506,0.004919678714859439
2022-01-24,0.22984848484848486,0.010454545454545454,0.23272727272727275,0.006818181818181818
2022-01-25,0.3059128371628372,0.038399100899100896,0.3059128371628372,0.038399100899100896
2022-01-26,0.286489898989899,0.046085858585858584,0.286489898989899,0.046085858585858584
2022-01-27,0.2573406017850462,0.08181417348084015,0.2573406017850462,0.08181417348084015
2022-01-28,0.26995769382133017,0.020267611176702085,0.26995769382133017,0.020267611176702085
2022-01-29,0.244760101010101,0.035077335858585856,0.244760101010101,0.035077335858585856
2022-01-30,0.31157024793388427,-0.0028925619834710785,0.31157024793388427,-0.0028925619834710785
2022-01-31,0.31157024793388427,-0.0028925619834710785,0.31157024793388427,-0.0028925619834710785
2022-02-01,0.195142089093702,-0.003955453149001539,0.195142089093702,-0.003955453149001539
2022-02-02,0.3320254701207082,0.09814127671270528,0.31086144895668705,0.07080441604251128
2022-02-03,0.1824561403508772,0.012280701754385965,0.19473684210526318,0.013157894736842105
2022-02-04,0.350779067268429,0.04914033956587148,0.350779067268429,0.04914033956587148
2022-02-05,0.275149303251493,0.024734571997345717,0.275149303251493,0.024734571997345717
2022-02-06,0.43932659932659934,0.06461279461279461,0.43543771043771046,0.0598905723905724
2022-02-07,0.3340480274442539,0.04965694682675814,0.3340480274442539,0.04965694682675814
2022-02-08,0.27255131964809387,0.06653958944281524,0.27255131964809387,0.06653958944281524
2022-02-09,0.4368796662274923,0.10481993851559068,0.4368796662274923,0.10481993851559068
2022-02-10,0.2984848484848485,0.008116883116883116,0.2984848484848485,0.008116883116883116
2022-02-11,0.34433734939759036,0.02430722891566265,0.34433734939759036,0.02430722891566265
2022-02-12,0.30833333333333335,0.011904761904761904,0.30833333333333335,0.011904761904761904
2022-02-13,0.31785714285714284,0.005357142857142857,0.32857142857142857,0.007142857142857142
2022-02-14,0.38980823863636366,0.09552556818181819,0.38980823863636366,0.08380681818181818
2022-02-15,0.3637715782160227,0.011471861471861472,0.3637715782160227,0.011471861471861472
2022-02-16,0.3871686986482905,0.050082825337927385,0.3871686986482905,0.050082825337927385
2022-02-17,0.2703976435935199,0.022091310751104563,0.2703976435935199,0.022091310751104563
2022-02-18,0.3298245614035088,0.0,0.3298245614035088,0.0
2022-02-19,0.40393939393939393,0.04984848484848485,0.40393939393939393,0.04984848484848485
2022-02-20,0.3309478715728716,0.03686868686868687,0.3309478715728716,0.03686868686868687
2022-02-21,0.34985569985569986,0.046881313131313135,0.360966810966811,0.05405723905723906
2022-02-22,0.4161147186147186,0.06665584415584416,0.4161147186147186,0.06665584415584416
2022-02-23,0.3533022533022533,0.06146076146076146,0.3533022533022533,0.06146076146076146
2022-02-24,0.3541666666666667,-0.041666666666666664,0.3541666666666667,-0.041666666666666664
2022-02-25,0.3378787878787879,0.011363636363636362,0.3378787878787879,0.011363636363636362
2022-02-26,0.41382575757575757,0.11685606060606062,0.41382575757575757,0.11685606060606062
2022-02-27,0.4530102040816327,0.11005102040816328,0.4530102040816327,0.11005102040816328
2022-02-28,0.4530102040816327,0.11005102040816328,0.4530102040816327,0.11005102040816328
2022-03-01,0.40914872798434443,0.058806262230919774,0.40914872798434443,0.058806262230919774
2022-03-02,0.34053377814845703,0.08131776480400334,0.34053377814845703,0.08131776480400334
2022-03-03,0.24016516516516517,0.048761261261261256,0.24617117117117115,0.03299549549549549
2022-03-04,0.229718456725756,0.04105839416058394,0.229718456725756,0.032846715328467155
2022-03-05,0.44431818181818183,0.04517045454545454,0.44431818181818183,0.02954545454545454
2022-03-06,0.5032911077993045,0.046118089560712526,0.5032911077993045,0.046118089560712526
2022-03-07,0.3853254769921437,0.03425925925925925,0.38981481481481484,0.030050505050505043
2022-03-08,0.27935064935064935,0.08218614718614718,0.27935064935064935,0.08218614718614718
2022-03-09,0.3597519597519598,0.03580203580203581,0.3597519597519598,0.03580203580203581
2022-03-10,0.24903554778554776,0.023822843822843824,0.24903554778554776,0.023822843822843824
2022-03-11,0.45499999999999996,0.15000000000000002,0.45499999999999996,0.15000000000000002
2022-03-12,0.3585043988269795,0.025293255131964808,0.3585043988269795,0.025293255131964808
2022-03-13,0.33544536271809,0.08760330578512397,0.33544536271809,0.08760330578512397
2022-03-14,0.36008105369807497,0.17574721377912866,0.3228470111448835,0.13044579533941236
2022-03-15,0.33334059233449476,0.045535714285714284,0.33334059233449476,0.045535714285714284
2022-03-16,0.37543313570487485,0.0068708827404479565,0.37543313570487485,0.0017984189723320157
2022-03-17,0.5029335410176532,0.03071131879543095,0.5029335410176532,0.03071131879543095
2022-03-18,0.24107843137254903,-0.004607843137254901,0.24107843137254903,-0.004607843137254901
2022-03-19,0.2675067506750675,0.045004500450045,0.2675067506750675,0.045004500450045
2022-03-20,0.37953586497890296,0.021940928270042192,0.37953586497890296,0.021940928270042192
2022-03-21,0.37754529421196087,0.13855820105820105,0.37754529421196087,0.12605820105820106
2022-03-22,0.4314516129032258,0.06915933528836755,0.4314516129032258,0.06915933528836755
2022-03-23,0.37867490696438066,0.08268872939925573,0.3979731525784157,0.09409223817118555
2022-03-24,0.3276223776223776,0.04501748251748253,0.3276223776223776,0.04501748251748253
2022-03-25,0.38181818181818183,0.050378787878787884,0.38181818181818183,0.050378787878787884
2022-03-26,0.4709864603481625,0.10938104448742748,0.4709864603481625,0.10938104448742748
2022-03-27,0.38774208247892455,0.08476874003189794,0.38774208247892455,0.08100934153565734
2022-03-28,0.4604329004329004,0.04901875901875903,0.35963924963924965,0.11727272727272728
2022-03-29,0.299860853432282,0.09421420841063699,0.30540197897340754,0.07643011750154607
2022-03-30,0.3031833923652105,0.09377990948445493,0.2577288469106651,0.12787081857536403
2022-03-31,0.3031833923652105,0.09377990948445493,0.2577288469106651,0.12787081857536403
2022-04-01,0.29674403610573824,0.0720905867182463,0.29674403610573824,0.06712604771115409
2022-04-02,0.26610606060606057,0.027015151515151513,0.26610606060606057,0.027015151515151513
2022-04-03,0.31945132124819625,0.09207634379509379,0.31410587056792416,0.09183612270665842
2022-04-04,0.22838872596937115,0.053453893776474415,0.22838872596937115,0.053453893776474415
2022-04-05,0.21159474933668482,0.06884094400223432,0.21159474933668482,0.06884094400223432
2022-04-06,0.2191919191919192,0.03535353535353535,0.2191919191919192,0.03535353535353535
2022-04-07,0.34546550495917583,0.03774453394706559,0.34546550495917583,0.03774453394706559
2022-04-08,0.36436191907266285,0.06984222389181068,0.36436191907266285,0.06984222389181068
2022-04-09,0.24097087378640777,-0.0026213592233009712,0.24097087378640777,-0.0026213592233009712
2022-04-10,0.3390404040404041,0.06065656565656566,0.3390404040404041,0.06065656565656566
2022-04-11,0.2940771349862259,0.08292011019283746,0.32438016528925623,0.08292011019283746
2022-04-12,0.33173160173160177,0.11742424242424243,0.3583982683982684,0.1390909090909091
2022-04-13,0.30542424242424243,0.10389393939393939,0.30542424242424243,0.08789393939393939
2022-04-14,0.35714285714285715,0.027248677248677244,0.35714285714285715,0.027248677248677244
2022-04-15,0.3235872235872236,0.05085995085995086,0.30737100737100737,0.04275184275184275
2022-04-16,0.28500000000000003,0.025,0.325,-0.10500000000000001
2022-04-17,0.2488888888888889,0.0,0.2488888888888889,0.0
2022-04-18,0.2516498316498316,0.025353535353535354,0.2516498316498316,0.025353535353535354
2022-04-19,0.23798701298701297,0.03896103896103896,0.23582251082251085,0.021645021645021644
2022-04-20,0.2994199457259159,0.11864314789687924,0.2994199457259159,0.11864314789687924
2022-04-21,0.21675066227305032,0.08969115461652774,0.23764618466111004,0.018582412612263358
2022-04-22,0.15336879432624115,0.023333333333333334,0.16329787234042556,0.024822695035460994
2022-04-23,0.17164179104477612,0.022388059701492536,0.17164179104477612,0.022388059701492536
2022-04-24,0.253781512605042,0.03991596638655462,0.2773109243697479,-0.0365546218487395
2022-04-25,0.26994047619047623,0.06383928571428571,0.26994047619047623,0.06383928571428571
2022-04-26,0.2549656226126814,0.030481283422459895,0.2549656226126814,0.030481283422459895
2022-04-27,0.30918367346938774,0.024489795918367346,0.30918367346938774,0.024489795918367346
2022-04-28,0.2448051948051948,0.00487012987012987,0.2448051948051948,0.00487012987012987
2022-04-29,0.324995670995671,0.045870129870129873,0.34099567099567096,-0.0061298701298701285
2022-04-30,0.324995670995671,0.045870129870129873,0.34099567099567096,-0.0061298701298701285
2022-05-01,0.19638095238095238,0.07885714285714286,0.19638095238095238,0.07885714285714286
2022-05-02,0.15039370078740158,0.04251968503937008,0.15039370078740158,0.04251968503937008
2022-05-03,0.2305194805194805,0.054870129870129875,0.2590909090909091,-0.03798701298701299
2022-05-04,0.3085081585081585,0.10011655011655012,0.3085081585081585,0.10011655011655012
2022-05-05,0.2598214285714286,0.02914915966386555,0.2639705882352941,0.0006652661064425784
2022-05-06,0.17352647352647352,0.005244755244755244,0.17352647352647352,0.005244755244755244
2022-05-07,0.23257575757575757,0.06060606060606061,0.2690340909090909,-0.01022727272727273
2022-05-08,0.21157538114059854,0.03940040937323546,0.2401468097120271,-0.04858483907396951
2022-05-09,0.2263961038961039,0.004740259740259738,0.2263961038961039,0.004740259740259738
2022-05-10,0.29283216783216787,0.02342657342657342,0.3143706293706294,-0.04657342657342658
2022-05-11,0.31038961038961044,0.048051948051948054,0.3467532467532468,-0.07012987012987014
2022-05-12,0.35671296296296295,0.1013888888888889,0.35671296296296295,0.09722222222222224
2022-05-13,0.18547486033519556,-0.044134078212290505,0.2011173184357542,-0.09497206703910614
2022-05-14,0.21537569573283857,-0.0052469851576994455,0.21537569573283857,-0.0052469851576994455
2022-05-15,0.0,0.0,0.0,0.0
2022-05-16,0.08269230769230769,0.06153846153846154,0.11346153846153845,-0.038461538461538464
2022-05-17,0.03333333333333333,0.007291666666666668,0.03333333333333333,0.007291666666666668
2022-05-18,0.12642857142857142,0.017857142857142856,0.14928571428571427,-0.05642857142857143
2022-05-19,0.03428571428571428,0.06190476190476191,0.03428571428571428,0.06190476190476191
2022-05-20,0.18127858057435522,0.024742393756478267,0.2067267239802451,-0.042447106883726604
2022-05-21,0.1,-0.0125,0.1,-0.0125
2022-05-22,0.18867965367965367,0.0016396103896103964,0.18256854256854257,-0.0012770562770562683
2022-05-23,0.32890493859881614,0.06970525223076243,0.33910902023146916,0.0028685175368848817
2022-05-24,0.1319180819180819,-0.006990509490509491,0.07717449217449217,0.0026569264069264058
2022-05-25,0.05000000000000001,0.08333333333333333,0.05000000000000001,0.05833333333333332
2022-05-26,0.08571428571428572,0.07142857142857142,0.08571428571428572,0.04642857142857142
2022-05-27,0.10726911976911976,0.06251803751803753,0.07949134199134199,0.034740259740259745
2022-05-28,0.14761904761904762,0.03412698412698413,0.09206349206349207,-0.021428571428571425
2022-05-29,0.21236858379715523,0.12661306947021234,0.16474953617810761,0.0789940218511647
2022-05-30,0.14444444444444446,0.0287037037037037,0.10555555555555557,0.04259259259259259
2022-05-31,0.14444444444444446,0.0287037037037037,0.10555555555555557,0.04259259259259259
2022-06-01,0.07272727272727274,0.08181818181818182,0.009090909090909092,0.02727272727272727
2022-06-02,0.16269270298047275,0.024665981500513873,0.10513874614594039,0.039054470709146964
2022-06-03,0.2392857142857143,0.04836309523809523,0.2017857142857143,-0.017261904761904766
2022-06-04,0.2954139112421321,0.09102674421692826,0.1739415186040953,0.0011494436034313296
2022-06-05,0.3357142857142857,-0.07023809523809524,0.16904761904761903,-0.02857142857142857
2022-06-06,0.24246031746031746,0.027579365079365082,0.06388888888888888,0.07222222222222222
2022-06-07,0.353125,-0.03333333333333334,0.10312500000000001,0.029166666666666664
2022-06-08,0.3822463768115942,0.09184782608695653,0.20833333333333334,0.10543478260869565
2022-06-09,0.44155844155844154,0.15281385281385282,0.22272727272727275,0.12575757575757576
2022-06-10,0.24213238536155204,0.04294808201058201,0.13300540123456792,0.022941468253968252
2022-06-11,0.16636363636363638,0.08318181818181819,0.020909090909090912,0.005909090909090908
2022-06-12,0.11394957983193277,-0.026218487394957985,0.04336134453781513,-0.008571428571428572
2022-06-13,0.253,-0.0071111111111111115,0.18611111111111112,0.009999999999999998
2022-06-14,0.24331323438466296,0.05376211090496805,0.24622328729471588,0.04979385693671407
2022-06-15,0.17413139878893302,0.045700316933193645,0.21248756317249468,0.04296059090579638
2022-06-16,0.12312348668280872,0.0059927360774818415,0.24473365617433412,-0.0026937046004842607
2022-06-17,0.18586021505376343,0.04387864823348694,0.1784408602150538,0.010652841781874037
2022-06-18,0.1838044308632544,-0.01275783040488923,0.1838044308632544,-0.01275783040488923
2022-06-19,0.33240740740740743,-0.05162037037037037,0.3111111111111111,-0.03680555555555556
2022-06-20,0.2876984126984127,0.05145502645502645,0.2876984126984127,0.05145502645502645
2022-06-21,0.2207251082251082,0.09288419913419912,0.2207251082251082,0.09288419913419912
2022-06-22,0.04338842975206611,0.006198347107438016,0.04338842975206611,0.006198347107438016
2022-06-23,0.20384615384615384,0.08076923076923076,0.20384615384615384,0.08076923076923076
2022-06-24,0.04120370370370371,0.0004629629629629613,0.04120370370370371,0.0004629629629629613
2022-06-25,0.1857142857142857,0.07142857142857144,0.08571428571428572,-0.028571428571428567
2022-06-26,0.21948051948051947,0.04691558441558442,0.15698051948051947,-0.015584415584415584
2022-06-27,0.28441558441558445,0.21688311688311687,0.23896103896103899,0.14415584415584415
2022-06-28,0.1392857142857143,0.0035714285714285726,0.1392857142857143,0.0035714285714285726
2022-06-29,0.21428571428571427,0.19999999999999998,0.21428571428571427,0.15714285714285717
2022-06-30,0.21428571428571427,0.19999999999999998,0.21428571428571427,0.15714285714285717
2022-07-01,0.07333333333333333,0.07333333333333333,0.0,0.0
2022-07-02,0.29563492063492064,0.05496031746031746,0.2123015873015873,-0.028373015873015873
2022-07-03,0.31187074829931977,0.0735374149659864,0.2166326530612245,-0.021700680272108842
2022-07-04,0.3070816326530612,0.007248299319727891,0.3070816326530612,0.007248299319727891
2022-07-05,0.024444444444444442,0.024444444444444442,0.024444444444444442,0.024444444444444442
2022-07-06,0.08390804597701149,0.1724137931034483,0.08390804597701149,0.1724137931034483
2022-07-07,0.049999999999999996,0.16666666666666666,0.049999999999999996,0.16666666666666666
2022-07-08,0.27261904761904765,0.28095238095238095,0.27261904761904765,0.28095238095238095
2022-07-09,0.254428936325488,0.09603174603174602,0.254428936325488,0.09603174603174602
2022-07-10,0.10615384615384615,0.16538461538461538,0.025384615384615384,0.08461538461538462
2022-07-11,0.22128136200716844,0.16502525252525252,0.19171146953405016,0.13196073639622025
2022-07-12,0.3604838709677419,0.1832258064516129,0.27661290322580645,0.09935483870967741
2022-07-13,0.3162112932604736,0.2191256830601093,0.3162112932604736,0.2191256830601093
2022-07-14,0.24301136363636364,0.17984848484848484,0.15801136363636364,0.07818181818181819
2022-07-15,0.37276886945254295,0.16960236475542598,0.3071938775510204,0.11260204081632653
2022-07-16,0.32671957671957674,0.22857142857142854,0.32671957671957674,0.22857142857142854
2022-07-17,0.3051020408163265,0.08367346938775509,0.276530612244898,0.06938775510204082
2022-07-18,0.17857142857142858,0.09523809523809523,0.17857142857142858,0.09523809523809523
2022-07-19,0.30612244897959184,0.16326530612244897,0.30612244897959184,0.16326530612244897
2022-07-20,0.28071428571428575,0.25571428571428567,0.28071428571428575,0.2257142857142857
2022-07-21,0.13392857142857142,0.07142857142857142,0.13392857142857142,0.07142857142857142
2022-07-22,0.2613690476190476,0.1351190476190476,0.2613690476190476,0.1351190476190476
2022-07-23,0.4017857142857143,0.21428571428571427,0.4017857142857143,0.21428571428571427
2022-07-24,0.20714285714285713,0.030952380952380953,0.20714285714285713,0.030952380952380953
2022-07-25,0.38035714285714284,0.15535714285714286,0.38035714285714284,0.15535714285714286
2022-07-26,0.3119047619047619,0.09523809523809522,0.3119047619047619,0.09523809523809522
2022-07-27,0.4904761904761905,0.10714285714285714,0.4904761904761905,0.10714285714285714
2022-07-28,0.3464285714285715,0.3339285714285714,0.3464285714285715,0.2589285714285714
2022-07-29,0.6,-0.018750000000000027,0.6,-0.018750000000000027
2022-07-30,0.6,-0.018750000000000027,0.6,-0.018750000000000027
2022-07-31,0.6,-0.018750000000000027,0.6,-0.018750000000000027
2022-08-01,0.3785714285714286,0.42857142857142855,0.3785714285714286,0.32857142857142857
2022-08-02,0.480952380952381,0.4833333333333333,0.480952380952381,0.38333333333333336
2022-08-03,0.17857142857142858,0.09523809523809523,0.17857142857142858,0.09523809523809523
2022-08-04,0.19999999999999998,-0.06666666666666667,0.19999999999999998,-0.06666666666666667
2022-08-05,0.0,0.0,0.0,0.0
2022-08-06,0.26785714285714285,0.14285714285714285,0.26785714285714285,0.14285714285714285
2022-08-07,0.6785714285714285,-0.07142857142857144,0.8119047619047619,-0.5047619047619047
2022-08-08,0.32607824274490943,0.19817069504569504,0.32607824274490943,0.1631012506012506
2022-08-09,0.0,0.0,0.0,0.0
2022-08-10,0.2785714285714286,0.22857142857142856,0.2119047619047619,0.1952380952380952
2022-08-11,0.2266666666666667,-0.08666666666666668,0.2266666666666667,-0.08666666666666668
2022-08-12,0.0,0.0,0.0,0.0
2022-08-13,0.5416666666666666,0.18333333333333335,0.5555555555555556,0.07777777777777779
2022-08-14,0.6000000000000001,0.875,0.6000000000000001,0.7
2022-08-15,0.3734126984126984,0.33749999999999997,0.3734126984126984,0.3083333333333333
2022-08-16,0.3734126984126984,0.33749999999999997,0.3734126984126984,0.3083333333333333
2022-08-17,0.7166666666666668,0.7083333333333334,0.7166666666666668,0.5666666666666667
2022-08-18,0.0,0.0,0.0,0.0
2022-08-19,0.2142857142857143,0.11428571428571428,0.2142857142857143,0.11428571428571428
2022-08-20,0.22959183673469385,0.12244897959183673,0.22959183673469385,0.12244897959183673
2022-08-21,0.5785714285714286,0.6785714285714286,0.5785714285714286,0.5619047619047619
2022-08-22,0.175,0.1,0.175,0.1
2022-08-23,0.0,0.0,0.0,0.0
2022-08-24,0.26785714285714285,0.14285714285714285,0.26785714285714285,0.14285714285714285
2022-08-25,0.036111111111111115,0.08333333333333333,0.036111111111111115,0.08333333333333333
2022-08-26,0.0,0.0,0.0,0.0
2022-08-27,0.0,0.0,0.0,0.0
2022-08-28,0.0,0.0,0.0,0.0
2022-08-29,0.0,0.0,0.0,0.0
2022-08-30,0.15,0.5,0.15,0.5
2022-08-31,0.15,0.5,0.15,0.5
2022-09-01,0.0625,0.041666666666666664,0.0625,0.041666666666666664
2022-09-02,0.0,0.0,0.0,0.0
2022-09-03,0.0,0.0,0.0,0.0
2022-09-04,0.8333333333333334,-0.17499999999999993,0.8333333333333334,-0.17499999999999993
2022-09-05,0.0,0.0,0.0,0.0
2022-09-06,0.65,0.5,0.65,0.5
2022-09-07,0.2,0.1,0.2,0.1
2022-09-08,0.0,0.0,0.0,0.0
2022-09-09,0.17430555555555555,0.034374999999999996,0.18944444444444444,0.0024999999999999966
2022-09-10,0.0,0.0,0.0,0.0
2022-09-11,0.4,-0.05,0.4,-0.05
2022-09-12,0.4,-0.05,0.4,-0.05
2022-09-13,0.5357142857142857,0.2857142857142857,0.5357142857142857,0.2857142857142857
2022-09-14,0.2785714285714285,0.42857142857142855,0.2785714285714285,0.42857142857142855
2022-09-15,0.17857142857142855,0.09523809523809523,0.17857142857142855,0.09523809523809523
2022-09-16,0.0,0.0,0.0,0.0
2022-09-17,0.5357142857142857,0.2857142857142857,0.5357142857142857,0.2857142857142857
2022-09-18,0.5357142857142857,0.2857142857142857,0.5357142857142857,0.2857142857142857
2022-09-19,0.5357142857142857,0.2857142857142857,0.5357142857142857,0.2857142857142857
2022-09-20,0.2976190476190476,0.15873015873015872,0.2976190476190476,0.15873015873015872
2022-09-21,0.22857142857142854,0.1619047619047619,0.24523809523809523,0.16746031746031745
2022-09-22,0.34464285714285714,0.18392857142857144,0.34464285714285714,0.18392857142857144
2022-09-23,0.475,0.24000000000000002,0.475,0.24000000000000002
2022-09-24,0.35714285714285715,0.19047619047619047,0.35714285714285715,0.19047619047619047
2022-09-25,0.4553571428571429,0.14285714285714285,0.4553571428571429,0.14285714285714285
2022-09-26,0.4464285714285714,0.23809523809523805,0.4464285714285714,0.23809523809523805
2022-09-27,0.15054945054945054,0.07234432234432234,0.15054945054945054,0.07234432234432234
2022-09-28,0.5119047619047619,0.36190476190476195,0.5119047619047619,0.36190476190476195
